title,publishedAt,viewCount,likeCount,commentCount,duration,memberCount,category,keywords,subscriberCount
"DREAM SKETCH : Page #1 - Concert Meeting, Poster&VCR Shooting | THE DREAM SHOW2 BEHIND",2022-11-25T13:00:40Z,411160,56214,1624,1682,7,BTS,"BTS, Concert",5.34
NCT DREAM THE MOVIE : In A DREAM | ScreenX Trailer (Beatbox),2022-11-24T23:00:09Z,112087,23301,350,31,7,Teaser,"Promotion, Movie, Trailer",5.34
????NCTzens ??????????????????? #NAGOYA#NCTDREAM #THEDREAMSHOW2_in_JAPAN,2022-11-24T04:27:05Z,91345,24341,140,37,7,Shorts,"Shorts, Concert",5.34
???????????? ??? ?????€????????? ??? ??? ?????€???????????? | ???????????? VS ????????? #1,2022-11-23T13:00:17Z,772833,101486,2409,1157,7,Jakun,"Jakun, Games",5.34
NCT DREAM THE MOVIE : In A DREAM | ScreenX Trailer (????????? (Glitch Mode)),2022-11-17T23:00:21Z,168691,31192,474,31,7,Teaser,"Promotion, Movie, Trailer",5.32
2023 NCT DREAM SEASON?€?S GREETINGS CONCEPT TRAILER #NCTDREAM,2022-11-09T06:00:27Z,179470,50443,382,27,7,Shorts,Promotion,5.3
Don't stop the music???? ??? ?????? ???????€????? #?????????????????€ #shorts,2022-11-09T04:15:46Z,531007,105696,937,27,2,Shorts,Dance Challenge,5.3
NCT DREAM ????????? ?????? 'Dream-lapse' Performance Video (GMA ver.),2022-11-08T14:00:30Z,1067784,139749,4347,175,7,Performance Video,"Performance Video, Stage, Performance",5.3
NCT DREAM THE MOVIE : In A DREAM | ?????? ????????????,2022-11-06T23:00:30Z,147929,34048,683,61,7,Teaser,"Promotion, Movie, Trailer",5.3
NCT DREAM THE MOVIE : In A DREAM | Official Trailer,2022-11-06T23:00:18Z,432837,45778,982,61,7,Teaser,"Promotion, Movie, Trailer",5.3
?????????????????? ???????????? ???????????? | BLANCDIVA Photoshoot Behind,2022-11-06T11:00:23Z,220795,40259,988,613,5,BTS,"BTS, Photoshoot, Advertisement",5.3
????????? DREAM???? ????????? ???????????????? | DREAM in EVERLAND #2,2022-10-29T13:00:27Z,690102,82049,1304,805,5,Jakun,"Jakun, everland, amusement park, promotion",5.3
????????? ????????????????????????????? | DREAM in EVERLAND #1,2022-10-25T13:00:33Z,1148450,130918,1768,1219,5,Jakun,"Jakun, everland, amusement park, promotion",5.28
??? ???? ?????????????????????? ???????? ???????????????????????????????????. ????? ????????? ?????? ??????????????????? ????,2022-10-25T06:00:12Z,227585,59508,322,10,1,Shorts,Everland,5.28
??? ????????? ?????? ???????????????? | 2022 TMA ????????? ?????? ????????? ????????????,2022-10-24T11:00:15Z,308397,52507,1122,647,5,Vlog,"Awards, BTS, Vlog",5.28
????????? ??€?????? ????????????????????? | NCT DREAM Brand Concept Day Photoshoot Behind,2022-10-13T11:00:23Z,356054,55363,1649,628,7,BTS,"Photoshoot, Merchandise, BTS, Promotion",5.26
???? 3?????? Baddies 1 Porsche ???? #shorts,2022-09-24T04:38:41Z,1055966,163021,748,21,3,Shorts,Dance Challenge,5.23
NCT DREAM TOUR 'THE DREAM SHOW2 : In A DREAM' Recap Video,2022-09-20T13:00:34Z,282197,58728,1570,111,7,Recap,"Concert, Recap",5.23
??????? #NCTDREAM #JISUNG #?????? #??????????????€,2022-09-16T10:33:16Z,642766,123212,1942,50,1,Shorts,Dance Challenge,5.22
Thank you NCTzens for the two magical nights and making our DREAM come true ???? #shorts,2022-09-11T09:59:28Z,198848,53249,572,37,7,Shorts,"Recap, Concert",5.21
NCT DREAM '?????€ ?????? ?????€ ?????? (Walk you home)' Cheering Guide,2022-09-01T10:00:18Z,472399,71342,1581,252,7,Cheering guide,"Fan Culture, Cheering Guide, Pre-Concert, Concert, Concert Prep",5.2
[????][TO THE NCT UNIVERSE] 2022 NCT DREAM EXHIBITION 'DREAM VIBE' Behind story,2022-08-31T13:00:12Z,232848,47352,743,51,7,BTS,"Exhibition, BTS",5.2
[Replay] Tonight is THE NIGHT : NCT DREAM 6TH ANNIVERSARY,2022-08-30T03:00:29Z,691872,43085,1256,5658,7,Replay,"Anniversary Live, Replay, Live",5.19
?????? ??€?????€??? ??????????????????? | 6TH HAPPY DREAM DAY???€,2022-08-25T11:25:00Z,1187335,133511,3697,1811,7,Jakun,"Jakun, Concept, Anniversary, Games, Reminiscence",5.18
?????? ?????? ????????? ??? ????????? ?????? ?????????..???????? | 7????????? | 7DREAM DEBATE,2022-08-14T13:00:36Z,1342962,151772,4436,1203,7,Jakun,"Jakun, Debate, Concept, Funny, Game",5.16
These are my best friends ??? | Penshoppe Behind the Scene,2022-08-06T11:00:19Z,414909,63537,1312,445,5,BTS,"Photoshoot, Advertisement, Clothing advertisement, BTS",5.15
[????][TO THE NCT UNIVERSE] 2022 NCT DREAM EXHIBITION 'DREAM VIBE',2022-08-01T01:00:07Z,298089,59028,1129,78,7,BTS,"Pre Exhibition, Promotion, Photoshoot, BTS",5.14
MY DREAM LIGHTSTICK CUSTOM???????? | for ?€?THE DREAM SHOW2 : In A DREAM?€?,2022-07-26T13:00:12Z,548159,80791,3276,579,7,Jakun,"DIY, Pre Concert, Concert Preparation, Jakun, Lightstick, Fan Culture, Concert",5.13
Can?€?t wait to see all of you Czennies soon!????,2022-07-26T08:43:33Z,325771,56811,1888,106,7,Shorts,"Shorts, Pre Concert, Concert",5.13
NCT DREAM ????????? ?????? '????????? (Glitch Mode)' Dance Practice (7DREAM Ver.),2022-07-18T11:00:11Z,1012739,129178,4449,237,7,Dance Practice,"Dance, Dance Practice",5.12
GRWD - Get Ready With DREAM???? | LOOKBOOK for ?€?THE DREAM SHOW2 : In A DREAM?€?,2022-07-17T13:00:07Z,814411,110670,2794,1045,7,Jakun,"GRWM, Pre Concert, DIY, Promotion, Jakun, Fashion, Fan culture, Concert",5.12
?????? ?????????~! ???????? | ??????????????? ????????????,2022-07-12T11:00:03Z,830035,125516,1772,924,7,BTS,"Stage, Festival, Dream Concert",5.09
?????? ?????? ?????????? ???????? | DREAM di JAKARTA #2,2022-07-10T13:00:34Z,2518979,404649,11929,1106,5,Jakun,"Jakun, Jakarta, Vacation, Food, Vlog, Trip",5.07
????????? ???????????? ????????? ??????€??? | DREAM di JAKARTA #1,2022-07-06T13:00:30Z,2610793,494476,15827,585,5,Jakun,"Jakun, Jakarta, Vacation, Food, Vlog, Trip",5.03
NCT DREAM ????????? ?????? 'Beatbox' TikTok Compilation,2022-06-30T11:00:09Z,403341,71590,1062,206,0,Compilation,"TikTok, Compliation",5
Aku Cinta Czennie?€????? | Allo Bank Festival 2022 Behind the Scene,2022-06-29T13:00:21Z,1281246,292599,11434,521,5,BTS,"Festival, Stage, Vlog, BTS",4.99
[Un Cut] Take #4???'Beatbox' Recording Behind the Scene,2022-06-27T13:00:03Z,1134456,137288,3706,1824,7,Recording BTS,"Comeback, BTS, Recording",4.98
????????€ ????????€ ????????????!??????????????| Beatbox ???????????? ??€?????? ????????????,2022-06-25T11:00:39Z,728790,105830,1829,619,7,BTS,"Stage, BTS, Comeback",4.97
NCT DREAM ????????? ?????? 'Beatbox' Dance Practice,2022-06-23T11:00:14Z,5252764,388504,9923,248,7,Dance Practice,"Comeback, Dance, Dance Practice",4.96
NCT DREAM ????????? ?????? 'Beatbox' Choreography Video,2022-06-21T13:00:31Z,4391470,225379,1797,208,7,Choreography Video,"Comeback, Dance",4.94
[Un Cut] Take #3????€?Beatbox?€? Dance Practice,2022-06-20T11:00:18Z,1117877,147794,2368,625,7,BTS,"Dance, Dance Practice, BTS",4.94
????Bring Your Beatbox???? DREAM SQUAD ?????? | NCT DREAM 'Beatbox' TikTok Reaction,2022-06-19T13:00:24Z,2043213,229425,2869,1144,7,Reaction Video,"Comeback, Music Video, Reaction",4.93
NCT DREAM in DREAMCONCERT????Thank U NCTZen????,2022-06-19T12:33:16Z,360429,91143,964,16,7,Shorts,"Dream Concert, Concert",4.93
[Un Cut] Take #2????€?Beatbox?€? Jacket Behind the Scene,2022-06-16T13:00:30Z,408647,62767,1054,1379,7,BTS,"Photoshoot, Album, Jacket, BTS",4.93
[Un Cut] Take #1????€?Beatbox?€? MV Behind the Scene,2022-06-14T13:00:07Z,830849,113183,1852,1518,7,BTS,"Album, Photoshoot, BTS",4.92
????????€??? ?????????????????????????????? ????????€??? ???????????????????????€???????????? ???????? | ???????????????????????? DREAM SQUAD,2022-06-10T11:00:39Z,1620144,175118,3868,1292,7,Jakun,"Game, Promotion, Jakun, Comeback",4.91
??€?????€ ????????? ????????? ???????????????????? | KPOP.FLEX Behind the Scene,2022-06-08T11:00:00Z,847141,129065,4684,602,5,Jakun,"Stage, BTS, Jakun, Vlog",4.9
[Replay] NCT DREAM ?€?Beatbox?€? Comeback Live l ???????????? ????????? ??????,2022-06-05T09:00:10Z,471126,36930,944,4749,7,Replay,"Promotion,Comeback, Comeback live, Replay",4.88
[Replay] NCT DREAM ?€?Beatbox?€? Countdown Live l ???????????? ??€?????? ??????,2022-06-05T08:00:09Z,162243,21734,699,3447,7,Replay,"Promotion, Countdown, Replay, Comeback",4.88
UNBOXING of NCT DREAM ?€?Beatbox?€? Album,2022-06-04T13:00:30Z,671614,100740,1509,853,7,Unboxing,"Jakun, Album, Unboxing, Comeback",4.88
REACTION to ?????€?Beatbox?€????? MV | NCT DREAM Reaction,2022-06-03T13:00:07Z,1215861,171429,1869,354,7,Reaction Video,"Reaction Video, Promotion, Comeback",4.88
NCT DREAM ????????? ?????? 'Beatbox' Performance Stage,2022-05-31T11:21:35Z,5026181,455842,10140,232,7,Performance Video,"Performance Video, Dance, Music Video, Stage, Performance",4.85
NCT DREAM 'Beatbox' (Official Audio) | Beatbox - The 2nd Album Repackage,2022-05-30T09:03:16Z,463184,49824,1060,206,0,Official Audio,Official Audio,4.84
NCT DREAM '?????€??? ?????? (To My First)' (Official Audio) | Beatbox - The 2nd Album Repackage,2022-05-30T09:03:03Z,2343981,128560,4128,184,0,Official Audio,Official Audio,4.84
"NCT DREAM 'Sorry, Heart' (Official Audio) | Beatbox - The 2nd Album Repackage",2022-05-30T09:02:46Z,1515076,94426,3059,214,0,Official Audio,Official Audio,4.84
NCT DREAM '??? ??? (On the way)' (Official Audio) | Beatbox - The 2nd Album Repackage,2022-05-30T09:02:21Z,929657,75123,2332,210,0,Official Audio,Official Audio,4.84
How we play @DREAM SQUAD STUDIO ????,2022-05-27T11:01:08Z,262785,55314,131,11,7,Shorts,"Promotion, Comeback, TikTok, TikTok Challenge",4.81
??? WE GET HIGH pose ???,2022-05-27T11:00:02Z,399456,58397,212,8,7,Shorts,"Promotion, Comeback, TikTok, TikTok Challenge",4.81
???? (???? ) +???? = SUGAR POP! STAR,2022-05-27T08:01:07Z,232697,42459,223,8,7,Shorts,"Promotion, Comeback, TikTok, TikTok Challenge",4.81
Boom!???? into album jacket photoshoot????,2022-05-27T08:00:11Z,191713,44472,145,31,7,Shorts,"Promotion, Comeback, TikTok, TikTok Challenge",4.81
Let?€?s get to drawing our own album cover @DREAMZONE ??????,2022-05-25T13:00:15Z,465301,92134,1709,403,7,Jakun,"Promotion, BTS, DIY, Comeback, Jakun",4.8
????????? (Glitch Mode) ???? with ????????? ???????????? | NCT DREAM??? ?????? ???????????????? | NCT DREAM X ?????????,2022-05-25T10:00:13Z,1317448,205793,0,138,0,Animation,"Animation, Pinkfong, Collaboration",4.8
Glitch Mode ???? with Pinkfong REDREX | Sing along with NCT DREAM???? | NCT DREAM X PINKFONG,2022-05-25T10:00:11Z,919149,113900,0,138,0,Animation,"Animation, Pinkfong, Collaboration",4.8
???? This is our Boom Chicka dance???? Show your Boom Chicka! #BringYourBeatbox,2022-05-22T11:01:08Z,275665,49561,201,17,2,Shorts,"Comeback, Tiktok, Promotion",4.77
???? This is our Boom Chicka dance???? Show your Boom Chicka! #BringYourBeatbox,2022-05-22T11:00:12Z,232637,46954,159,16,2,Shorts,"Comeback, Tiktok, Promotion",4.77
???? This is our Boom Chicka dance?????€????? Show your Boom Chicka! #BringYourBeatbox,2022-05-22T08:01:23Z,295620,53713,236,16,2,Shorts,"Comeback, Tiktok, Promotion",4.77
???? This is our Boom Chicka dance???? Show your Boom Chicka! #BringYourBeatbox,2022-05-22T08:00:08Z,282170,54392,312,17,2,Shorts,"Comeback Tiktok, Promotion",4.77
???? Boom??€ ?????? Chicka??? ????????? ???? #BringYourBeatbox,2022-05-21T11:01:15Z,198688,34426,193,59,2,Shorts,"Comeback, Tiktok, Promotion",4.76
??????????????????? ????????? Boom Chicka ???????? #BringYourBeatbox,2022-05-21T11:00:24Z,149778,34957,181,48,2,Shorts,"Comeback, Tiktok, Promotion",4.76
?????????€????? Find water drop sound in Beatbox????#BringYourBeatbox,2022-05-21T08:02:21Z,115753,27443,121,51,2,Shorts,"Comeback, Tiktok, Promotion",4.76
???? ??€?????? ??€???????????? ???????? #BringYourBeatbox,2022-05-21T08:01:02Z,158103,35813,184,49,2,Shorts,"Comeback, Tiktok, Promotion",4.76
Beatbox Dance Challenge CONFERENCE????#BringYourBeatbox,2022-05-21T08:00:17Z,118823,26462,93,54,7,Shorts,"Comeback, Tiktok, Promotion",4.76
???????????????????? and you???? #BringYourBeatbox,2022-05-20T11:02:56Z,339323,69253,268,15,1,Shorts,"Comeback, Tiktok, Promotion",4.76
Let?€?s see how you Boom Chicka! ????#BringYourBeatbox,2022-05-20T11:01:36Z,245325,49092,161,14,1,Shorts,"Comeback, Tiktok, Promotion",4.76
????????? ?????? ?????? ??€????????????! ???????? #BringYourBeatbox,2022-05-20T11:00:14Z,168421,39751,216,18,1,Shorts,"Comeback, Tiktok, Promotion",4.76
Beatbox wink ??????? ver. What is your verison? #BringYourBeatbox,2022-05-20T08:01:25Z,893004,135906,1323,13,1,Shorts,"Comeback, Tiktok, Promotion",4.76
Teleporting with Beatbox ???? #BringYourBeatbox,2022-05-20T08:00:11Z,181396,43225,156,17,1,Shorts,"Comeback, Tiktok, Promotion",4.76
Let?€?s go out with Beatbox! ???? ???€ #BringYourBeatbox,2022-05-19T11:01:10Z,478178,88749,294,15,7,Shorts,"Comeback, Tiktok, Promotion",4.76
???????????? ????????? Pop! ???€ #BringYourBeatbox,2022-05-19T11:00:13Z,174737,36121,153,13,7,Shorts,"Comeback, Tiktok, Promotion",4.76
Shake your body???? with Beatbox #BringYourBeatbox,2022-05-19T08:01:01Z,313422,66264,269,14,7,Shorts,"Comeback, Tiktok, Promotion",4.76
Are you ready to get on Beatbox train? ???? #BringYourBeatbox,2022-05-19T08:00:16Z,655500,117657,445,13,7,Shorts,"Comeback, Tiktok, Promotion",4.76
Beatbox pics. this week???? Let's see your photodump! #BringYourBeatbox,2022-05-18T11:02:05Z,242151,55812,481,12,7,Shorts,"Comeback, Tiktok, Promotion",4.75
Mirror Highway???????????€ ?????€ ?????????????? #BringYourBeatbox,2022-05-18T11:01:26Z,316081,69453,248,10,,Shorts,"Shorts, Comeback",
???????????? ?????????????€??????????? #BringYourBeatbox,2022-05-18T11:00:13Z,937725,142161,539,16,,Shorts,"Shorts, Comeback",
Boom! ??????? ?????? bounce bounce #BringYourBeatbox,2022-05-18T08:01:12Z,241491,49581,254,15,,Shorts,"Shorts, Comeback",
Cool Kids on Beatbox???? Wanna see your own version of Beatbox video! #BringYourBeatbox,2022-05-18T08:00:12Z,864267,159757,493,13,,Shorts,"Shorts, Comeback",
Yesssss! We all did it??? Check this out #Beatbox,2022-05-17T11:02:57Z,323193,74622,541,59,,Shorts,"Shorts, Comeback",
"?€?Baaam~ Chicka!"" video ???? edited by JAEMIN",2022-05-17T11:01:25Z,223736,49500,350,10,,Shorts,"Shorts, Comeback",
Beatbox everywhere w/ Beat Park ????,2022-05-17T11:00:11Z,179960,43218,319,49,,Shorts,"Shorts, Comeback",
???????????? ?????? ????????? ??????????????? ?????? by Beat Park ????,2022-05-17T08:00:17Z,186649,44379,349,59,,Shorts,"Shorts, Comeback",
DREAMSQUAD BUSKING ???? ??? or ????,2022-05-16T11:01:42Z,184838,46165,240,38,7,Shorts,"Shorts, Comeback",
Beatbox on beats on beats on beats ???????,2022-05-16T11:00:06Z,231008,57629,402,31,7,Shorts,"Shorts, Comeback",
??? ??€??? ???????????? ????,2022-05-16T08:00:12Z,441196,102262,409,30,7,Shorts,"Shorts, Comeback",
?????? ?????????????????? ????,2022-05-15T11:01:13Z,203537,49838,520,24,7,Shorts,"Shorts, Comeback",
??? ??€ ??€?????????? ????????????~~~,2022-05-15T11:00:31Z,181998,39215,468,55,7,Shorts,"Shorts, Comeback",
?????? ????????€ ?????? ?????€????????? ????,2022-05-15T08:00:24Z,1944036,327462,1331,37,7,Shorts,"Shorts, Comeback",
NCT DREAM ????????? ?????? Behind The Stage @DREAM STAGE : GLITCH MODE,2022-05-14T13:00:32Z,353294,57912,754,739,7,BTS,"BTS, Stage, Comeback",
NCT DREAM ????????? ?????? 'Fire Alarm + Arcade' @DREAM STAGE : GLITCH MODE,2022-05-14T11:00:13Z,2093302,157254,2456,344,7,Stage,"Stage, Performance, Comeback, Dance",
?????€??? ??? ??? ?????? ??????????,2022-05-13T11:00:03Z,191845,50605,408,40,,Shorts,"Shorts, Comeback",
??????????????? ???????????????????,2022-05-13T08:00:00Z,150878,43860,357,11,,Shorts,"Shorts, Comeback",
??€?????? ?????? ?????????????? Dance duo in the zone,2022-05-12T11:00:16Z,184079,44045,286,31,,Shorts,"Shorts, Comeback",
????????? ????????? ????????? ???????????????? ???,2022-05-12T08:00:38Z,165819,36536,184,53,,Shorts,"Shorts, Comeback",
???????????€ ?????? ?????? ????,2022-05-12T08:00:00Z,227150,52596,307,34,,Shorts,"Shorts, Comeback",
??? ?????? ????????? ????,2022-05-11T11:00:34Z,280581,67190,531,32,,Shorts,"Shorts, Comeback",
?????? ????????? ?????€ ?????€??????? ???? #FireAlarm,2022-05-11T08:00:08Z,273922,69246,814,23,7,Shorts,"Shorts, Comeback",
Every Friend Group Has... ?????? ???????????? ????,2022-05-10T11:00:06Z,360705,87214,790,41,7,Shorts,"Shorts, Comeback",
Welcome to DREAMSQUAD zone #selfcamera,2022-05-10T08:00:30Z,324893,87774,974,1,7,Shorts,"Shorts, Comeback",
[Un Cut] Take #5???'??? ??? (Teddy Bear)' & 'Saturday Drip' Recording Behind the Scene,2022-05-08T13:00:04Z,831256,103489,4528,2800,7,Recording,"Recording, BTS",
?€?Rewind?€? Live Clip | NCT DREAM ????????? ??????,2022-05-07T13:00:21Z,2123923,209684,4839,193,7,LivePerformance,"Live, Stage, Performance",
Baby T-Rex | Sing along with NCT DREAM???? | Dinosaur Song for Kids | NCT DREAM X PINKFONG,2022-05-05T01:00:17Z,4092433,289953,0,95,7,Animation,"Animation, Pinkfong, Collaboration",
?????? ????????? | NCT DREAM??? ?????? ???????????????? | ???????????? ?????? | NCT DREAM X ?????????,2022-05-05T01:00:12Z,1706586,182953,0,95,7,Animation,"Animation, Pinkfong, Collaboration",
[Un Cut] Take #4???'????????? (Glitch Mode)' Recording Behind the Scene,2022-05-01T13:00:00Z,1001750,117731,2839,1549,7,Recording,"Recording, BTS",
[Un Cut] Take #3???'????????? (Glitch Mode)' Dance Practice,2022-04-29T11:00:19Z,1307643,139733,2489,862,7,BTS,"Dance Practice, BTS, Dance",
????????????? ?????? ????????? It's Never Goodbye~???????? | ????????? (Glitch Mode) ???????????? ??€?????? ???????????? #2,2022-04-27T11:00:31Z,611869,87842,1681,751,7,BTS,"Stage, BTS",
'?????? ?????? ?????? (It?€?s Yours)' Live Clip | NCT DREAM ????????? ??????,2022-04-25T13:00:30Z,3790082,238032,7424,239,7,LivePerformance,"Live, Stage, Performance",
NCT DREAM 'Rewind' | DREAM STAGE : GLITCH MODE Ver.,2022-04-23T11:00:25Z,684894,99410,1333,185,7,Performance Video,"Performance, Music Video",
[Un Cut] Take #2????€?????????? (Glitch Mode)?€? Jacket Behind the Scene,2022-04-21T11:00:03Z,630185,76453,1430,1630,7,BTS,"BTS, Photoshoot, Music Video",
DREAM STAGE : GLITCH MODE Behind The Scenes,2022-04-20T11:00:15Z,890727,110694,2390,1412,7,BTS,"Stage, BTS, Comeback",
[Un Cut] Take #1????€?????????? (Glitch Mode)?€? MV Behind the Scene,2022-04-19T13:00:21Z,684064,96034,2349,1402,7,BTS,"Music Video, BTS",
????????????? ????????? ????????? ?????€??€? | ????NCT DREAM POP-UP STORE 'Glitch Arcade Center' Behind????,2022-04-17T11:00:15Z,572297,89807,1156,629,7,BTS,"Jakun, BTS, Pop-up Store, Promotion",
What?€?s cooking? ???€?????€????? #shorts,2022-04-15T14:30:59Z,433095,79640,457,20,7,Shorts,"Shorts, Comeback",
Exclusive: ?€?Glitch Mode?€? in the news room ???????? #shorts,2022-04-15T14:30:52Z,256686,54276,275,21,2,Shorts,"Shorts, Comeback",
?????? ?????? ??€?????€ ?????????? | GLITCH LOVE SIMULATION???? #2,2022-04-15T13:00:32Z,559137,77866,1163,1150,7,Jakun,"Jakun, Games, Comeback",
????????? (Glitch Mode) ???? with ????????? ???????????? Teaser???NCT DREAM X ?????????,2022-04-15T10:00:07Z,612721,137389,0,17,0,Animation,"Animation, Pinkfong, Collaboration",
"Scratch that, bring JUNGWOO back(stage) ???? #shorts",2022-04-12T11:07:02Z,977279,172025,982,26,7,Shorts,"Shorts, Comeback",
Dream VS Dream | JENO VS CHENLE,2022-04-10T13:00:17Z,393274,57619,953,685,2,Jakun,"Jakun, Comeback, DvsD",
????????? ????????? ????????????? ?????? ???????????????? | ????????? (Glitch Mode) ???????????? ??€?????? ????????????,2022-04-09T13:00:11Z,676031,93790,1250,570,7,BTS,"BTS, Comeback, Stage, Performance",
ZENNIE??? ????????? ?????? ??? SUCCESS?????? ?????? ??????????? | GLITCH LOVE SIMULATION???? #1,2022-04-08T13:00:30Z,924077,122043,2042,1147,7,Jakun,"Jakun, Games, Comeback",
Dream VS Dream | JISUNG VS HAECHAN,2022-04-07T13:00:19Z,491346,70798,1135,679,2,Jakun,"Jakun, Comeback, DvsD",
[Replay] Let?€?s Play 'Glitch Mode' l NCT DREAM,2022-04-07T03:00:02Z,613863,55872,887,4627,7,Replay,"Replay, Comeback, Live",
?€?Glitch Mode?€? Body Glitch Dance Challenge ????,2022-04-06T09:00:32Z,279241,56044,189,16,,Shorts,"Shorts, Comeback",
?€?Glitch Mode?€? 2x JISUNG Dance Challenge ????,2022-04-06T09:00:31Z,526031,106999,458,21,1,Shorts,"Shorts, Comeback",
Buffering situation ???? in repetition ???? at the DREAM GAME LAB ??????? #shorts,2022-04-05T11:00:12Z,196466,42318,186,19,7,Shorts,"Shorts, Comeback",
Dream VS Dream | JAEMIN VS MARK,2022-04-04T13:00:12Z,656491,97135,1582,559,2,Jakun,"Jakun, Comeback, DvsD",
?€?Glitch Mode?€? Casual Dance Challenge ????,2022-04-04T06:00:02Z,356923,71631,538,16,2,Shorts,"Shorts, Comeback",
?€?Glitch Mode?€? Kung Fu Shot Dance Challenge ????,2022-04-04T06:00:02Z,218149,44439,141,16,3,Shorts,"Shorts, Comeback",
Welcome aboard ???€ This is Neo Culture Technology ???? #shorts,2022-04-03T11:00:30Z,409476,83041,585,20,7,Shorts,"Shorts, Comeback",
UNBOXING of NCT DREAM ?€?Glitch Mode?€? Album,2022-04-02T11:00:17Z,643332,94536,1604,726,7,Unboxing,"Jakun, Album, Unboxing, Comeback",
"Beyond LIVE: NCT DREAM - DREAM STAGE ""GLITCH MODE"" [Official Teaser]",2022-04-02T09:00:32Z,735777,131463,1489,38,7,Teaser,"Teaser, Stage",
Who?€?s really ready for ?€?Glitch Mode?€?? Guess who ????,2022-04-02T06:00:02Z,257181,57232,430,13,1,Shorts,"Shorts, Comeback",
Who?€?s really ready for ?€?Glitch Mode?€?? Guess who ????,2022-04-02T06:00:01Z,195967,46667,266,13,1,Shorts,"Shorts, Comeback",
Dream VS Dream | RENJUN VS JENO,2022-04-01T13:00:07Z,669534,102245,2413,659,2,Jakun,"Jakun, Comeback, DvsD",
ERROR ?????? Miscode on the radio with ?????? ????,2022-04-01T11:00:23Z,282515,51328,148,21,7,Shorts,"Shorts, Comeback",
"Scratch that, bring it back ??? ??? ?????? ??????? #shorts",2022-04-01T08:13:35Z,482915,79608,219,16,2,Shorts,"Shorts, Comeback",
REACTION to ???????€?????????? (Glitch Mode)?€????? MV | NCT DREAM Reaction,2022-03-31T13:00:20Z,1344553,180577,2214,6,7,Reaction Video,"Reaction, Comeback",
The RAIN-y season is here! ?????????? NCT DREAM on ?€?Season B Season?€? @8pm (KST) ???? #shorts,2022-03-31T10:00:13Z,969440,126180,507,19,7,Shorts,"Shorts, Comeback",
?€?Glitch Mode?€? 2x Dance Challenge ????,2022-03-31T06:00:09Z,502205,83064,437,16,7,Shorts,"Shorts, Comeback",
NCT DREAM ????????? ?????? '????????? (Glitch Mode)' @DREAM STAGE : GLITCH MODE,2022-03-30T11:22:38Z,2970041,340864,7674,217,7,Stage,"Stage, Comeback, Dance, Performance",
"Scratch that, bring it?????????? #shorts",2022-03-30T09:18:58Z,476796,96246,1014,23,3,Shorts,"Shorts, Comeback",
"Glitch Mode ON: bringing trouble, trouble like a miscode ?????????? #shorts",2022-03-30T09:16:07Z,390520,88047,472,26,2,Shorts,"Shorts, Comeback",
Now loading?€? ?????????? #SwitchOnThatGlitchMode #shorts,2022-03-30T09:13:52Z,314659,73082,564,24,2,Shorts,"Shorts, Comeback",
[Replay] NCT DREAM 'Glitch Mode' Countdown Live,2022-03-29T13:00:04Z,584668,64227,918,59,7,Replay,"Replay, Comeback, Live",
NCT DREAM 'Rewind' (Official Audio) | Glitch Mode - The 2nd Album,2022-03-28T09:02:09Z,678270,69972,1420,185,0,Official Audio,Official Audio,
NCT DREAM '????????? (Never Goodbye)' (Official Audio) | Glitch Mode - The 2nd Album,2022-03-28T09:02:01Z,4822199,176017,4353,213,0,Official Audio,Official Audio,
NCT DREAM '????????? (Drive)' (Official Audio) | Glitch Mode - The 2nd Album,2022-03-28T09:01:52Z,1493630,84085,2052,199,0,Official Audio,Official Audio,
NCT DREAM 'Better Than Gold (??€???)' (Official Audio) | Glitch Mode - The 2nd Album,2022-03-28T09:01:45Z,2489692,114470,1945,201,0,Official Audio,Official Audio,
NCT DREAM 'Saturday Drip' (Official Audio) | Glitch Mode - The 2nd Album,2022-03-28T09:01:38Z,3100764,146232,4170,181,0,Official Audio,Official Audio,
NCT DREAM 'Replay (?????? ???)' (Official Audio) | Glitch Mode - The 2nd Album,2022-03-28T09:01:23Z,893479,70331,1177,215,0,Official Audio,Official Audio,
NCT DREAM '??? ??? (Teddy Bear)' (Official Audio) | Glitch Mode - The 2nd Album,2022-03-28T09:01:16Z,2175336,103493,2760,243,0,Official Audio,Official Audio,
NCT DREAM '?????? ?????? ?????? (It?€?s Yours)' (Official Audio) | Glitch Mode - The 2nd Album,2022-03-28T09:01:08Z,1123460,85682,2016,225,0,Official Audio,Official Audio,
NCT DREAM 'Arcade' (Official Audio) | Glitch Mode - The 2nd Album,2022-03-28T09:01:01Z,1225689,78579,1470,208,0,Official Audio,Official Audio,
NCT DREAM '????????? (Glitch Mode)' (Official Audio) | Glitch Mode - The 2nd Album,2022-03-28T09:00:16Z,755084,55483,1088,208,0,Official Audio,Official Audio,
NCT DREAM 'Fire Alarm' (Official Audio) | Glitch Mode - The 2nd Album,2022-03-28T09:00:07Z,1057498,90953,2391,193,0,Official Audio,Official Audio,
We?€?re Upgrading | 7llin?€? in our Youth | EP. 6,2022-03-26T11:00:01Z,1877973,194417,3397,1523,7,Jakun,"Jakun, Travel",
NCT DREAM ????????? ?????? 'Glitch Mode' Highlight Medley,2022-03-25T09:00:18Z,1801425,320447,11060,235,0,Highlight Medley,"Comeback, Highlight Medley, Audio",
NCT DREAM ????????? ?????? 'Glitch Mode' CBT (Closed Beta Test) Ver.2,2022-03-23T15:00:29Z,649278,139043,1754,25,7,Teaser,"Teaser, Comeback",
Underneath the same light | 7llin?€? in our Youth | EP. 5,2022-03-23T11:00:35Z,2599829,224703,3631,1424,7,Jakun,"Jakun, Travel",
All Night Long | 7llin?€? in our Youth | EP. 4,2022-03-20T11:00:01Z,2329079,210151,4063,30,7,Jakun,"Jakun, Travel",
Life is still going on | 7llin?€? in our Youth | EP. 3,2022-03-17T11:00:34Z,2295295,227067,3559,1736,7,Jakun,"Jakun, Travel",
NCT DREAM ????????? ?????? 'Glitch Mode' CBT (Closed Beta Test) Ver.1,2022-03-15T15:00:27Z,728140,169798,2346,22,7,Teaser,"Teaser, Comeback",
You're the Irreplaceable | 7llin?€? in our Youth | EP. 2,2022-03-14T11:00:13Z,3246727,295538,5828,2008,7,Jakun,"Jakun, Travel",
We're coming together | 7llin?€? in our Youth | EP. 1,2022-03-11T11:00:36Z,3842645,402839,7853,1412,7,Jakun,"Jakun, Travel",
2022-01-14 NCT DREAM ??????,2022-03-04T11:00:00Z,585359,112210,2438,601,7,Meeting,"Meeting, Discussion",
NCT DREAM 2nd KICK-OFF MEETING,2022-02-28T11:00:06Z,648803,146247,3696,95,7,Meeting,Meeting,
?????€ ?????? ???????????? ????????????!???? | Lemonilo Behind the Scene,2022-01-25T11:00:09Z,1024989,164942,3104,539,7,BTS,"Advertisement, BTS, Food, Indonesia",
???? ?????€ ??????????????????????????? | Somethinc Behind the Scene,2022-01-15T11:00:31Z,1534588,231632,6038,1148,5,BTS,"Advertisement, BTS, Cosmetics, Indonesia",
2022 SM ARTIST SEASON?€?S GREETINGS #NCTDREAM,2021-12-31T09:00:30Z,334553,55501,1071,703,7,BTS,"Promotion, BTS, Photoshoot",
????Indonesian NCTzens Aku Bersamamu???? | Tokopedia WIB: Indonesia K-Pop Awards Behind,2021-12-03T13:00:01Z,658036,128657,3314,426,7,BTS,"Stage, BTS",
?????? ???!! ?????? ?????€??€ ?????€ ????????? ??????????????????!!???? | HOTEL THE DREAM #2,2021-11-16T13:00:21Z,1202943,135663,2988,1189,7,Jakun,"Jakun, Promotion",
2022 SM ARTIST SEASON?€?S GREETINGS Teaser #NCTDREAM,2021-11-10T03:00:14Z,279677,59115,806,26,7,Teaser,Promotion,
?????? ????????€ 7??????????????????X7 | HOTEL THE DREAM #1,2021-11-09T13:00:01Z,1661311,193202,4631,1313,7,Jakun,"Jakun, Promotion",
2022 NCT DREAM SEASON?€?S GREETINGS CONCEPT TRAILER #NCTDREAM,2021-11-01T03:00:16Z,453343,109536,3426,61,7,Teaser,Promotion,
????DREAM CINEMA??????? ?????? ????????? ??????????????????? | U+?????????Live - XR LIVE : DREAM CINEMA Behind,2021-10-22T11:00:13Z,738647,114321,1938,748,7,BTS,"Stage, BTS, Anniversary",
??????~ ?????? ????????????????? | U+?????????Live - XR LIVE : DREAM CINEMA Behind,2021-10-10T11:00:19Z,710966,119640,2476,534,7,BTS,"Stage, BTS, Anniversary",
????????? ??? ???????????€ ????????????????? | FCMM Behind,2021-09-27T11:00:20Z,643598,116016,2685,507,5,BTS,"BTS, Photoshoot, Advertisement, Clothing",
????????? ????????? ????????? ??????^_^???Beyond LIVE - NCT DREAM ONLINE FANMEETING - 'HOT! SUMMER DREAM' VCR Behind,2021-09-14T11:00:03Z,668521,118674,1859,489,7,BTS,"Anniversary, BTS",
Aku telah menunggumu ???? | Tokopedia Behind the Scene,2021-09-08T11:00:18Z,1177654,227276,7098,519,5,BTS,"Stage, BTS",
Heartfelt Message From NCT DREAM,2021-08-31T13:00:02Z,727624,180048,6198,627,7,Message,Anniversary,
NCT DREAM ?€?HOT! SUMMER DREAM?€? ?€? ???????? Welcome Message ????,2021-08-25T04:00:09Z,302927,73805,1425,43,2,Teaser,"Anniversary, Teaser",
NCT DREAM ?€?HOT! SUMMER DREAM?€? ?€? ???????????? Welcome Message ????,2021-08-24T04:00:00Z,292376,74999,1189,44,3,Teaser,"Anniversary, Teaser",
NCT DREAM ?€?HOT! SUMMER DREAM?€? ?€? ???????? Welcome Message ????,2021-08-23T04:00:03Z,330283,86685,1643,36,2,Teaser,"Anniversary, Teaser",
"?€?????????? (Life Is Still Going On)?€?, ?€?ANL?€? Live Clip | NCT DREAM ????????? ??????",2021-08-18T13:00:24Z,36134294,1090085,32129,459,7,LivePerformance,"Stage, Live, Performance",
NCT DREAM ?€?HOT! SUMMER DREAM?€? ?€? Teaser #2,2021-08-17T03:00:10Z,652777,156867,3385,26,7,Teaser,"Anniversary, Teaser",
NCT DREAM 'HOT! SUMMER DREAM' ?€? Teaser #1,2021-08-16T03:00:08Z,657289,169795,4842,28,7,Teaser,"Anniversary, Teaser",
[Un Cut] Take #5????€?Hello Future?€? Recording Behind the Scene,2021-07-28T13:00:06Z,2627178,306814,8461,775,7,Recording,"Recording, BTS",
??????????????????????????? ??????????????? ????????????????????????????????????????????????????? | Hello Future ???????????????????????????????????? ????????€???????????? ???????????????????????????,2021-07-26T11:00:22Z,1073068,139198,2871,465,7,BTS,"Stage, BTS",
[Un Cut] Take #4????€?Hello Future?€? Dance Practice Behind the Scene,2021-07-24T13:00:06Z,2237883,225324,4363,595,7,BTS,"Dance, Practice, BTS",
[Un Cut] Take #3 | ?€?Hello Future?€? MV Behind the Scene,2021-07-21T11:00:05Z,1450103,171334,4393,1640,7,BTS,"BTS, Music Video",
[Un Cut] Take #2 | '??????????????€?????? (Life Is Still Going On)' Track Video Behind the Scene,2021-07-16T13:00:16Z,1619611,195593,3340,867,7,BTS,"BTS, Track Video",
?????????~ ???? ?????????? | Hello Future ???????????? ??€?????? ????????????,2021-07-14T11:00:03Z,1072241,138781,2995,551,7,BTS,"Comeback, BTS, Stage",
[Un Cut] Take #1????€?Hello Future?€? Jacket Behind the Scene,2021-07-12T13:00:02Z,1408962,178158,4736,1535,7,BTS,"Photoshoot, BTS, Album, Comeback",
"This is about our ?€?Future?€? | PAST, PRESENT, HELLO FUTURE #3",2021-07-10T11:00:13Z,546629,91843,3380,1297,7,Jakun,"Jakun, Comeback",
????????? ?????????????????? ???????????? ???? | ??????????????? ????????????,2021-07-09T11:00:34Z,1637593,194269,4253,645,7,BTS,"Stage, BTS, Jakun",
NCT DREAM ????????? ?????? ?€?Hello Future?€? Dance Practice,2021-07-06T13:00:10Z,5379659,395784,6301,228,7,Dance Practice,"Dance Practice, Comeback",
NCT DREAM ????????? ?????? ?€?Diggity?€? Dance Practice,2021-07-06T12:00:17Z,2290850,237671,5178,218,7,Dance Practice,"Dance Practice, Comeback",
"This is about our ?€?Present?€? | PAST, PRESENT, HELLO FUTURE #2",2021-07-03T11:00:17Z,641975,112250,2393,1044,7,Jakun,"Jakun, Comeback",
UNBOXING of NCT DREAM ?€?Hello Future?€? Album,2021-07-02T13:00:15Z,911397,134516,2908,795,7,Unboxing,"Jakun, Album, Unboxing, Comeback",
REACTION to ????'Hello Future?€????? MV | NCT DREAM Reaction,2021-06-30T11:00:16Z,2221604,266981,4287,362,7,Reaction Video,"Reaction, Comeback",
"This is about our ?€?Past?€? | PAST, PRESENT, HELLO FUTURE #1",2021-06-26T11:00:33Z,1072042,202399,4558,1034,7,Jakun,"Jakun, Comeback",
NCT DREAM '????????? (Life Is Still Going On)' DREAM-VERSE Bonus Chapter ?€?Dreaming of The Future?€?,2021-06-25T15:00:02Z,10556439,907629,28223,214,7,Track Video,"Track Video, Comeback, Music Video",
NCT DREAM CANDYLAB Photoshoot Behind The Scenes??#????????????????????????,2021-06-24T11:00:08Z,642150,115936,2641,405,5,BTS,"BTS, Photoshoot, Advertisement, Cosmetics",
NCT DREAM ????????? ?????? ?€???€???????????? (Be There For You)?€? Live Clip,2021-06-23T13:00:06Z,8904728,478031,21629,241,3,Stage,Stage,
"Hello Busan???JISUNG VLOG #2????????? ??????, ????????? ???, ?????? ??? ?????€ ?????????, ??€??????, Hello Future",2021-06-20T13:00:15Z,842749,138576,3015,752,1,Vlog,Vlog,
"Hello Busan???JISUNG VLOG #1????????? ??€??? ??????! ??€???????????????, ?????€??????, ??????????????????, ????????€ ??€?????????",2021-06-17T13:00:07Z,1258608,206707,7213,1114,1,Vlog,Vlog,
[Un Cut] Take #6????€???? (Hot Sauce)?€? Dance Practice,2021-06-15T11:00:02Z,1977987,219340,4310,726,7,Recording BTS,"Comeback, BTS, Recording",
[Un Cut] Take #5????€??????? (Dive Into You)?€? Recording Behind the Scene,2021-06-12T11:00:13Z,2053798,236718,6443,926,7,Recording BTS,"Comeback, BTS, Recording",
[Un Cut] Take #4????€??????(Hot Sauce)?€? Recording Behind the Scene,2021-06-09T11:00:33Z,3516559,402321,11168,1250,7,Recording BTS,"Comeback, BTS, Recording",
Keep Looking for the Hints ????,2021-06-07T12:00:14Z,936603,223243,9357,53,7,Teaser,Teaser,
????????????? F???????????????????? (Hot Sauce) ???????????? ??€?????? ???????????? #3,2021-06-07T11:00:09Z,2020626,235692,4953,894,7,BTS,"BTS, Comeback, Stage",
REACTION to '??? (Hot Sauce)' with Pinkfong REDREX | NCT DREAM Reaction,2021-06-05T09:00:22Z,1765352,250236,5169,416,7,Reaction Video,"Animation, Pinkfong, Collaboration, Reaction",
??€?????? ??€ ???????????? ??????????????????????? (Hot Sauce) ???????????? ??€?????? ???????????? #2,2021-06-04T11:00:06Z,708882,114287,2311,494,7,BTS,"BTS, Comeback, Stage",
[Un Cut] Take #3????€??????(Hot Sauce)?€? MV Behind the Scene,2021-06-02T11:00:25Z,1196817,158454,2667,842,7,BTS,"Music Video, BTS, Comeback",
[Un Cut] Take #2????€??????? (Dive Into You) + Rainbow (?????????) +Diggity?€? Track Video Behind the Scene,2021-05-31T11:00:04Z,1101448,144643,2800,980,7,BTS,"Track Video, BTS, Comeback",
[Un Cut] Take #1????€??????(Hot Sauce)?€? Jacket Behind the Scene,2021-05-29T11:00:13Z,1073993,155038,3238,1010,7,BTS,"BTS, Comeback, Music Video, Album, Photoshoot",
Dream VS Dream | JAEMIN VS HAECHAN,2021-05-28T13:00:23Z,1134113,155215,3220,534,2,Jakun,"Jakun, Comeback, DvsD",
Hot Sauce???? with Pinkfong REDREX | Sing along with NCT DREAM???? | NCT DREAM X PINKFONG,2021-05-28T10:00:12Z,16537088,536388,0,134,7,Animation,"Animation, Pinkfong, Collaboration",
??? (Hot Sauce)???? with ????????? ???????????? | NCT DREAM??? ?????? ???????????????? | NCT DREAM X ?????????,2021-05-28T10:00:10Z,21254953,692155,0,134,7,Animation,"Animation, Pinkfong, Collaboration",
???????????€?????? ??? ????????€?????? | Crazy Jalape??os ???,2021-05-27T13:00:01Z,1054809,130929,2603,1068,7,Jakun,"Jakun, Comeback",
Dream VS Dream | CHENLE VS MARK,2021-05-25T13:00:03Z,730763,109494,2468,604,2,Jakun,"Jakun, Comeback, DvsD",
NCT DREAM ????????? ?????? '?????? (Dive Into You)' Dance Practice,2021-05-23T13:00:12Z,4644493,389005,8228,206,7,Dance Practice,"Dance Practice, Dance, Performance, Comeback",
NCT DREAM ????????? ?????? '??? (Hot Sauce)' Dance Practice (Moving Ver.),2021-05-23T11:00:32Z,6130169,403985,6264,203,7,Dance Practice,"Dance Practice, Dance, Performance, Comeback",
NCT DREAM ????????? ?????? '??? (Hot Sauce)' Dance Practice,2021-05-23T11:00:14Z,7900591,510280,8741,202,7,Dance Practice,"Dance Practice, Dance, Performance, Comeback",
????????? ??????~ ?????? ??????~ ??? ???????????????? (Hot Sauce) ???????????? ??€?????? ????????????,2021-05-22T11:00:25Z,1041665,147013,2544,829,7,BTS,"Stage, BTS, Comeback",
Dream VS Dream | RENJUN VS JISUNG,2021-05-21T13:00:06Z,904984,134046,2413,749,2,Jakun,"Jakun, Comeback, DvsD",
????????? ????????? ??? ?????? ????????? M.S.G Hot Sauce | Crazy Jalape??os ???,2021-05-20T13:00:12Z,1614815,177889,4356,1557,7,Jakun,"Jakun, Comeback, Games",
?????? ???????????? ?????????? Hot sauce ?????? dip that???? | NCT DREAM X Enjoy Couple,2021-05-19T13:00:17Z,1425488,174178,2957,1067,7,Jakun,"Jakun, Comeback, Games",
Dream VS Dream | MARK VS JENO,2021-05-18T13:00:04Z,1549041,198138,5887,622,2,Jakun,"Jakun, Comeback, DvsD",
[#RENJUN Cam] ?€?Ridin'?€? | NCT DREAM @7DREAM return! 7+???=Show,2021-05-17T12:00:20Z,91372,15151,262,216,1,Stage,"Stage, Comeback, Dance, Performance",
[#JENO Cam] ?€?Ridin'?€? | NCT DREAM @7DREAM return! 7+???=Show,2021-05-17T12:00:18Z,67209,12005,198,214,1,Stage,"Stage, Comeback, Dance, Performance",
[#HAECHAN Cam] ?€?Ridin'?€? | NCT DREAM @7DREAM return! 7+???=Show,2021-05-17T12:00:13Z,55667,11222,209,216,1,Stage,"Stage, Comeback, Dance, Performance",
[#JISUNG Cam] ?€?Ridin'?€? | NCT DREAM @7DREAM return! 7+???=Show,2021-05-17T12:00:10Z,56892,11071,183,216,1,Stage,"Stage, Comeback, Dance, Performance",
[#CHENLE Cam] ?€?Ridin'?€? | NCT DREAM @7DREAM return! 7+???=Show,2021-05-17T12:00:05Z,41351,11210,237,214,1,Stage,"Stage, Comeback, Dance, Performance",
[#JAEMIN Cam] ?€?Ridin'?€? | NCT DREAM @7DREAM return! 7+???=Show,2021-05-17T12:00:05Z,104541,20479,362,217,1,Stage,"Stage, Comeback, Dance, Performance",
[#MARK Cam] ?€?Ridin'?€? | NCT DREAM @7DREAM return! 7+???=Show,2021-05-17T12:00:01Z,258905,23865,442,214,1,Stage,"Stage, Comeback, Dance, Performance",
7DREAM RETURN! 7+???=SHOW Behind The Scenes,2021-05-17T11:00:01Z,717553,109443,2014,984,7,BTS,"Comeback, BTS, Stage, Music Video, Performance",
[#JISUNG Cam] ?€?BOOM?€? | NCT DREAM @7DREAM return! 7+???=Show,2021-05-16T12:00:30Z,76979,14344,356,211,1,Stage,"Stage, Comeback, Dance, Performance",
[#JAEMIN Cam] ?€?BOOM?€? | NCT DREAM @7DREAM return! 7+???=Show,2021-05-16T12:00:19Z,134952,21963,359,211,1,Stage,"Stage, Comeback, Dance, Performance",
[#RENJUN Cam] ?€?BOOM?€? | NCT DREAM @7DREAM return! 7+???=Show,2021-05-16T12:00:14Z,107511,17107,297,210,1,Stage,"Stage, Comeback, Dance, Performance",
[#HAECHAN Cam] ?€?BOOM?€? | NCT DREAM @7DREAM return! 7+???=Show,2021-05-16T12:00:14Z,64914,13436,313,209,1,Stage,"Stage, Comeback, Dance, Performance",
[#MARK Cam] ?€?BOOM?€? | NCT DREAM @7DREAM return! 7+???=Show,2021-05-16T12:00:12Z,292344,38397,974,211,1,Stage,"Stage, Comeback, Dance, Performance",
[#JENO Cam] ?€?BOOM?€? | NCT DREAM @7DREAM return! 7+???=Show,2021-05-16T12:00:09Z,90917,17668,373,210,1,Stage,"Stage, Comeback, Dance, Performance",
[#CHENLE Cam] ?€?BOOM?€? | NCT DREAM @7DREAM return! 7+???=Show,2021-05-16T12:00:09Z,44373,12140,284,209,1,Stage,"Stage, Comeback, Dance, Performance",
[#JISUNG Cam] ?€??????? (Dive Into You)?€? | NCT DREAM @7DREAM return! 7+???=Show,2021-05-15T12:00:31Z,68343,14020,438,206,1,Stage,"Stage, Comeback, Dance, Performance",
[#CHENLE Cam] ?€??????? (Dive Into You)?€? | NCT DREAM @7DREAM return! 7+???=Show,2021-05-15T12:00:31Z,81055,15800,376,205,1,Stage,"Stage, Comeback, Dance, Performance",
[#JENO Cam] ?€??????? (Dive Into You)?€? | NCT DREAM @7DREAM return! 7+???=Show,2021-05-15T12:00:20Z,68497,14620,282,206,1,Stage,"Stage, Comeback, Dance, Performance",
[#JAEMIN Cam] ?€??????? (Dive Into You)?€? | NCT DREAM @7DREAM return! 7+???=Show,2021-05-15T12:00:06Z,150085,26434,457,206,1,Stage,"Stage, Comeback, Dance, Performance",
[#HAECHAN Cam] ?€??????? (Dive Into You)?€? | NCT DREAM @7DREAM return! 7+???=Show,2021-05-15T12:00:04Z,79390,18223,476,203,1,Stage,"Stage, Comeback, Dance, Performance",
[#MARK Cam] ?€??????? (Dive Into You)?€? | NCT DREAM @7DREAM return! 7+???=Show,2021-05-15T12:00:04Z,106571,19872,429,206,1,Stage,"Stage, Comeback, Dance, Performance",
[#RENJUN Cam] ?€??????? (Dive Into You)?€? | NCT DREAM @7DREAM return! 7+???=Show,2021-05-15T12:00:02Z,84019,17727,411,209,1,Stage,"Stage, Comeback, Dance, Performance",
[#JISUNG Cam] ?€?Diggity?€? | NCT DREAM @7DREAM return! 7+???=Show,2021-05-14T12:00:34Z,126275,21512,474,99,1,Stage,"Stage, Comeback, Dance, Performance",
[#MARK Cam] ?€?Diggity?€? | NCT DREAM @7DREAM return! 7+???=Show,2021-05-14T12:00:16Z,112300,18749,309,97,1,Stage,"Stage, Comeback, Dance, Performance",
[#HAECHAN Cam] ?€?Diggity?€? | NCT DREAM @7DREAM return! 7+???=Show,2021-05-14T12:00:10Z,96429,19379,420,99,1,Stage,"Stage, Comeback, Dance, Performance",
[#JAEMIN Cam] ?€?Diggity?€? | NCT DREAM @7DREAM return! 7+???=Show,2021-05-14T12:00:09Z,126683,24531,398,98,1,Stage,"Stage, Comeback, Dance, Performance",
[#CHENLE Cam] ?€?Diggity?€? | NCT DREAM @7DREAM return! 7+???=Show,2021-05-14T12:00:06Z,56614,16676,339,99,1,Stage,"Stage, Comeback, Dance, Performance",
[#RENJUN Cam] ?€?Diggity?€? | NCT DREAM @7DREAM return! 7+???=Show,2021-05-14T12:00:06Z,92945,21316,382,96,1,Stage,"Stage, Comeback, Dance, Performance",
[#JENO Cam] ?€?Diggity?€? | NCT DREAM @7DREAM return! 7+???=Show,2021-05-14T12:00:04Z,76986,18415,357,98,1,Stage,"Stage, Comeback, Dance, Performance",
UNBOXING of NCT DREAM ?€???? (Hot Sauce)?€? Album,2021-05-14T11:00:32Z,1272970,178050,3315,629,7,Unboxing,"Jakun, Album, Unboxing, Comeback",
[#JAEMIN Cam] ?€?Rainbow (?????????)?€? | NCT DREAM @7DREAM return! 7+???=Show,2021-05-13T12:00:32Z,215827,45988,1409,244,1,Stage,"Stage, Comeback, Dance, Performance",
[#MARK Cam] ?€?Rainbow (?????????)?€? | NCT DREAM @7DREAM return! 7+???=Show,2021-05-13T12:00:30Z,206190,36963,1329,244,1,Stage,"Stage, Comeback, Dance, Performance",
[#RENJUN Cam] ?€?Rainbow (?????????)?€? | NCT DREAM @7DREAM return! 7+???=Show,2021-05-13T12:00:20Z,188964,35115,1321,244,1,Stage,"Stage, Comeback, Dance, Performance",
[#HAECHAN Cam] ?€?Rainbow (?????????)?€? | NCT DREAM @7DREAM return! 7+???=Show,2021-05-13T12:00:18Z,165433,33104,1253,243,1,Stage,"Stage, Comeback, Dance, Performance",
[#JISUNG Cam] ?€?Rainbow (?????????)?€? | NCT DREAM @7DREAM return! 7+???=Show,2021-05-13T12:00:13Z,120881,29698,1231,243,1,Stage,"Stage, Comeback, Dance, Performance",
[#CHENLE Cam] ?€?Rainbow (?????????)?€? | NCT DREAM @7DREAM return! 7+???=Show,2021-05-13T12:00:09Z,86596,24108,1004,243,1,Stage,"Stage, Comeback, Dance, Performance",
[#JENO Cam] ?€?Rainbow (?????????)?€? | NCT DREAM @7DREAM return! 7+???=Show,2021-05-13T12:00:07Z,103278,26436,1091,241,1,Stage,"Stage, Comeback, Dance, Performance",
[#MARK Cam] ?€???? (Hot Sauce)?€? | NCT DREAM @7DREAM return! 7+???=Show,2021-05-12T12:00:30Z,301595,37922,1406,205,1,Stage,"Stage, Comeback, Dance, Performance",
[#JENO Cam] ?€???? (Hot Sauce)?€? | NCT DREAM @7DREAM return! 7+???=Show,2021-05-12T12:00:22Z,254176,40298,1448,206,1,Stage,"Stage, Comeback, Dance, Performance",
[#HAECHAN Cam] ?€???? (Hot Sauce)?€? | NCT DREAM @7DREAM return! 7+???=Show,2021-05-12T12:00:19Z,356910,51607,2195,204,1,Stage,"Stage, Comeback, Dance, Performance",
[#RENJUN Cam] ?€???? (Hot Sauce)?€? | NCT DREAM @7DREAM return! 7+???=Show,2021-05-12T12:00:17Z,241334,42464,1927,205,1,Stage,"Stage, Comeback, Dance, Performance",
[#JISUNG Cam] ?€???? (Hot Sauce)?€? | NCT DREAM @7DREAM return! 7+???=Show,2021-05-12T12:00:11Z,311682,45842,2130,203,1,Stage,"Stage, Comeback, Dance, Performance",
[#JAEMIN Cam] ?€???? (Hot Sauce)?€? | NCT DREAM @7DREAM return! 7+???=Show,2021-05-12T12:00:10Z,368791,59368,2104,205,1,Stage,"Stage, Comeback, Dance, Performance",
[#NCTDREAM Cam] ?€???? (Hot Sauce)?€? @7DREAM return! 7+???=Show,2021-05-12T12:00:02Z,480669,104796,1467,204,7,Stage,"Stage, Comeback, Dance, Performance",
[#CHENLE Focus] ?€???? (Hot Sauce)?€? | NCT DREAM @7DREAM return! 7+???=Show,2021-05-12T12:00:01Z,195479,41310,2020,207,1,Stage,"Stage, Comeback, Dance, Performance",
REACTION to '??? (Hot Sauce)' MV | NCT DREAM Reaction,2021-05-12T11:00:32Z,2890798,387316,4976,333,7,Reaction Video,"Reaction, Comeback",
NCT DREAM 'Ridin'' Live Stage @7DREAM return! 7+???=Show,2021-05-11T13:00:13Z,4703339,309558,4184,213,7,Stage,"Stage, Comeback, Dance, Performance",
NCT DREAM 'BOOM' Live Stage @7DREAM return! 7+???=Show,2021-05-11T13:00:12Z,13236562,539888,7036,203,7,Stage,"Stage, Comeback, Dance, Performance",
NCT DREAM 'Rainbow (?????????)' Live Stage @7DREAM return! 7+???=Show,2021-05-11T12:00:21Z,11859036,431735,10375,239,7,Stage,"Stage, Comeback, Dance, Performance",
NCT DREAM '?????? (Dive Into You)' Live Stage @7DREAM return! 7+???=Show,2021-05-11T12:00:16Z,11203410,452015,7111,201,7,Stage,"Stage, Comeback, Dance, Performance",
NCT DREAM '????????? (Irreplaceable)+Diggity' Live Stage @7DREAM return! 7+???=Show,2021-05-11T12:00:02Z,6434932,271713,4524,4,7,Stage,"Stage, Comeback, Dance, Performance",
NCT DREAM '??? (Hot Sauce)' Live Stage @7DREAM return! 7+???=Show,2021-05-11T12:00:02Z,9938217,609248,11496,212,7,Stage,"Stage, Comeback, Dance, Performance",
[REPLAY] 7DREAM return! 7+???=Show #?????????_A???Z??? #???????????????,2021-05-11T12:00:00Z,1529222,148837,2914,2053,7,Replay,"Replay, Comeback, Live",
"Dear my DREAM, I?€?ll be there for you | 7llin?€? in the DREAM | EP. 6",2021-05-07T11:00:06Z,5576336,428472,11442,2317,7,Jakun,"Jakun, Travel",
NCT DREAM 'Diggity' DREAM-VERSE Chapter #3 The Taste of Pain,2021-05-06T15:00:19Z,4110220,574821,22800,197,7,Track Video,"Track Video, Comeback, Music Video",
NCT DREAM 'Rainbow (?????????)' DREAM-VERSE Chapter #2 The Thing I Cherish,2021-05-05T15:00:07Z,3846421,593138,26437,205,7,Track Video,"Track Video, Comeback, Music Video",
Dinosaurs A to Z | Sing along with NCT DREAM???? | NCT DREAM X PINKFONG,2021-05-05T00:00:13Z,13249796,911535,0,141,7,Animation,"Animation, Pinkfong, Collaboration",
?????? ABC | NCT DREAM??? ?????? ???????????????? | NCT DREAM X ?????????,2021-05-05T00:00:11Z,3450334,429073,0,141,7,Animation,"Animation, Pinkfong, Collaboration",
NCT DREAM '?????? (Dive Into You)' DREAM-VERSE Chapter #1 The Love Triangle,2021-05-04T15:00:19Z,4499688,654652,42240,182,7,Track Video,"Track Video, Comeback, Music Video",
Hope It Never Fades Out | 7llin?€? in the DREAM | EP. 5,2021-05-03T11:00:20Z,3243009,310657,7876,1504,7,Jakun,"Jakun, Travel",
"Time Flies, We Fly | 7llin?€? in the DREAM | EP. 4",2021-04-29T11:00:08Z,4912801,386825,10920,1716,7,Jakun,"Jakun, Travel",
Cafe 7 DREAM Behind the Scenes,2021-04-27T11:00:10Z,1173108,168073,2890,644,7,BTS,"BTS, Jakun, Caf?",
Dive Into Youth | 7llin?€? in the DREAM | EP. 3,2021-04-25T11:00:09Z,5160129,413891,9624,1843,7,Jakun,"Jakun, Travel",
We?€?re the Best Friends | 7llin?€? in the DREAM | EP. 2,2021-04-21T11:00:00Z,5176282,420956,11887,1761,7,Jakun,"Jakun, Travel",
Welcome To Our Home | 7llin?€? in the DREAM | EP. 1,2021-04-17T11:00:05Z,6981357,591842,13815,1566,7,Jakun,"Jakun, Travel",
2021-03-12 NCT DREAM ??????,2021-04-12T13:00:28Z,2350387,271025,7718,1481,7,Meeting,"Meeting, Jakun, Comeback",
NCT DREAM CANDYLAB Photoshoot Behind The Scenes #FULLBLOOM,2021-04-11T11:00:06Z,712153,120815,3068,403,5,BTS,"Photoshoot, advertisement, BTS, Cosmetics",
NCT DREAM KICK-OFF MEETING,2021-04-06T13:00:04Z,771999,160554,7092,52,7,Meeting,"Meeting, Discussion",
Cafe vlog???Cafe 7 DREAM??? ????????? ?????? ????????????????????????????????????????7?????????#???????????????#????????????????????€??????#????????????,2021-04-05T12:00:12Z,3218501,284134,10071,1134,7,Jakun,"Jakun, Caf?",
Cafe vlog???Cafe 7 DREAM??€ ????????? ?????????????????????????????????????????????7?????????#???????????????????????????#???????????????#?????????????????????,2021-04-04T11:00:07Z,3023516,295962,10094,1412,7,Jakun,"Jakun, Caf?",
Cafe 7 DREAM,2021-03-31T15:00:04Z,1704328,351129,16429,196,7,Teaser,"Teaser, Jakun",
NCT DREAM LAZADA SUPER PARTY Behind,2021-03-28T11:00:09Z,1110949,217557,7120,461,5,BtS,"BTS, Stage",
(???)??? ?????? 7??? 6??? 6??? 7?????????!!!(??€???)???? | ????????????? ????????????? #2 | D?€?chelin Gourmet Party,2021-03-24T13:00:00Z,2417703,228806,6621,1274,7,Jakun,"Jakun, Games",
??? ??? ?????? ?????? ????????? ?????€??? ???????????????? | ????????????? ????????????? #1 | D?€?chelin Gourmet Party,2021-03-17T13:00:14Z,3458346,306567,9632,1104,7,Jakun,"Jakun, Games",
?????? ????????? ?????? ?????????????€??????€??????????? | ?????????? ????????????? File. 3 | DREAM Mystery Lab,2021-03-11T13:00:13Z,2687759,218995,7684,1308,7,Jakun,"Jakun, Games",
????????€???? ????????????? ???????????????? ????????????? | ?????????? ????????????? File. 2 | DREAM Mystery Lab,2021-03-04T13:00:04Z,2405302,220971,7041,1796,7,Jakun,"Jakun, Games",
????????€ ??? ?????? ??????!  | ?????????? ????????????? File. 1 | DREAM Mystery Lab,2021-02-25T13:00:12Z,3172000,308060,9814,1242,7,Jakun,"Jakun, Games",
????????? ????????€ ????????€??? ?????€ ????????€??????????????€???! ???????????? ????????€ #2???Rooftop Fight,2021-01-30T13:00:03Z,3331931,281111,10414,1341,7,Jakun,"Jakun, Games",
NCT DREAM 2021 Back to School,2021-01-26T04:00:02Z,699712,148018,2895,189,7,BTS,"BTS, Photoshoot, Promotion",
?????€??? ?????? ?????????(?)????????€???! ???????????? ????????€ #1???Rooftop Fight,2021-01-23T13:00:15Z,5127437,417159,11209,1051,7,Jakun,"Jakun, Games",
?????€???! ???????????? ????????€ : Prologue???Rooftop Fight,2021-01-16T13:00:01Z,3797678,624125,32218,506,7,Teaser,"Jakun, Teaser",
????????€ ?????? ????????? | [DREAM A DREAM] Photo shoot behind,2021-01-08T11:00:27Z,1530060,226220,6907,692,7,BTS,"Photoshoot, BTS",
2021 NCT DREAM SEASON'S GREETINGS #NCTDREAM,2021-01-06T04:00:01Z,1013896,171234,4881,754,7,BTS,"Photoshoot, Promotion, BTS",
[CONTOUR:BACKSTAGE] NCT DREAM Behind The Scenes,2020-12-31T11:00:26Z,413181,66463,717,150,5,BTS,"VR, BTS, Stage",
[CONTOUR:BACKSTAGE] NCT DREAM 'BOOM' (3D Audio/360?? VR),2020-12-31T11:00:15Z,1410803,131942,1356,87,5,Stage,"Stage, VR",
[CONTOUR:BACKSTAGE] NCT DREAM EP.1 (360?? VR),2020-12-30T11:00:02Z,1747218,191637,3358,497,5,BTS,"Stage, BTS, VR",
[CONTOUR:BACKSTAGE] NCT DREAM EP.2 (360?? VR),2020-12-30T11:00:00Z,847738,102058,1672,514,5,BTS,"Stage, BTS, VR",
2021 NCT DREAM SEASON?€?S GREETINGS Teaser,2020-11-05T04:00:02Z,555070,125755,2767,26,7,Teaser,"Promotion, Teaser, BTS",
What's in the Box????? | NCT DREAM - Beyond the Dream Show,2020-05-09T08:00:16Z,475525,86401,2286,35,6,Promotion,"Concert, Promotion",
NCT DREAM #JENO #JAEMIN LIVE Highlights - #NCTDREAM - Beyond the Dream Show,2020-05-07T02:53:47Z,192091,27419,706,203,2,Live,"Live, Comeback",
[#RENJUN Face Focus] NCT DREAM ????????? ?????? 'Ridin'' (Rollin?€? Ver.) @NCT DREAM THE STAGE,2020-05-05T12:00:28Z,184404,30399,1138,204,1,Performance Video,"Performance, Facecam, Comeback, Stage",
[#JAEMIN Face Focus] NCT DREAM ????????? ?????? 'Ridin'' (Rollin?€? Ver.) @NCT DREAM THE STAGE,2020-05-05T12:00:22Z,516375,75234,1535,204,1,Performance Video,"Performance, Facecam, Comeback, Stage",
[#JENO Face Focus] NCT DREAM ????????? ?????? 'Ridin'' (Rollin?€? Ver.) @NCT DREAM THE STAGE,2020-05-05T12:00:09Z,142674,22816,609,204,1,Performance Video,"Performance, Facecam, Comeback, Stage",
[#HAECHAN Face Focus] NCT DREAM ????????? ?????? 'Ridin'' (Rollin?€? Ver.) @NCT DREAM THE STAGE,2020-05-05T12:00:06Z,170732,27337,965,204,1,Performance Video,"Performance, Facecam, Comeback, Stage",
[#CHENLE Face Focus] NCT DREAM ????????? ?????? 'Ridin'' (Rollin?€? Ver.) @NCT DREAM THE STAGE,2020-05-05T12:00:00Z,98084,20130,1241,204,1,Performance Video,"Performance, Facecam, Comeback, Stage",
[#JISUNG Face Focus] NCT DREAM ????????? ?????? 'Ridin'' (Rollin?€? Ver.) @NCT DREAM THE STAGE,2020-05-05T12:00:00Z,189335,31495,943,204,1,Performance Video,"Performance, Facecam, Comeback, Stage",
[ONE-TAKE] NCT DREAM ????????? ?????? 'Ridin'' (Ridin?€? Ver.) @NCT DREAM THE STAGE,2020-05-05T11:00:24Z,739766,102024,1331,205,6,Performance Video,"Performance, Performance Video, Comeback, Dance, Stage",
[Eye Contact Cam] NCT DREAM ????????? ?????? 'Ridin'' (Rollin?€? Ver.) @NCT DREAM THE STAGE,2020-05-05T11:00:07Z,100674,19634,440,218,6,Performance Video,"Performance, Performance Video, Comeback, Facecam",
[Eye Contact Cam] NCT DREAM ????????? ?????? 'Ridin'' (Ridin?€? Ver.) @NCT DREAM THE STAGE,2020-05-05T11:00:04Z,347606,62569,1119,218,6,Performance Video,"Performance, Performance Video, Comeback, Facecam",
[ONE-TAKE] NCT DREAM ????????? ?????? 'Ridin'' (Rollin?€? Ver.) @NCT DREAM THE STAGE,2020-05-05T11:00:00Z,186728,33987,655,205,6,Performance Video,"Performance, Performance Video, Comeback, Dance, Stage",
[#JISUNG Focus] NCT DREAM ????????? ?????? 'Ridin'' (Rollin?€? Ver.) @NCT DREAM THE STAGE,2020-05-04T12:01:31Z,44464,8208,182,209,1,Performance Video,"Performance, Performance Video, Focus, Comeback, Dance, Stage",
[#JISUNG Focus] NCT DREAM ????????? ?????? 'Ridin'' (Ridin?€? Ver.) @NCT DREAM THE STAGE,2020-05-04T12:01:28Z,137747,16910,339,208,1,Performance Video,"Performance, Performance Video, Focus, Comeback, Dance, Stage",
[#RENJUN Focus] NCT DREAM ????????? ?????? 'Ridin'' (Ridin?€? Ver.) @NCT DREAM THE STAGE,2020-05-04T12:00:47Z,66723,11505,456,208,1,Performance Video,"Performance, Performance Video, Focus, Comeback, Dance, Stage",
[#CHENLE Focus] NCT DREAM ????????? ?????? 'Ridin'' (Ridin?€? Ver.) @NCT DREAM THE STAGE,2020-05-04T12:00:38Z,77646,12704,632,207,1,Performance Video,"Performance, Performance Video, Focus, Comeback, Dance, Stage",
[#HAECHAN Focus] NCT DREAM ????????? ?????? 'Ridin'' (Ridin?€? Ver.) @NCT DREAM THE STAGE,2020-05-04T12:00:35Z,81491,11730,453,208,1,Performance Video,"Performance, Performance Video, Focus, Comeback, Dance, Stage",
[#HAECHAN Focus] NCT DREAM ????????? ?????? 'Ridin'' (Rollin?€? Ver.) @NCT DREAM THE STAGE,2020-05-04T12:00:35Z,45814,9236,357,209,1,Performance Video,"Performance, Performance Video, Focus, Comeback, Dance, Stage",
[#RENJUN Focus] NCT DREAM ????????? ?????? 'Ridin'' (Rollin?€? Ver.) @NCT DREAM THE STAGE,2020-05-04T12:00:34Z,37566,8102,344,209,1,Performance Video,"Performance, Performance Video, Focus, Comeback, Dance, Stage",
[#JENO Focus] NCT DREAM ????????? ?????? 'Ridin'' (Ridin?€? Ver.) @NCT DREAM THE STAGE,2020-05-04T12:00:34Z,81959,12193,248,208,1,Performance Video,"Performance, Performance Video, Focus, Comeback, Dance, Stage",
[#JENO Focus] NCT DREAM ????????? ?????? 'Ridin'' (Rollin?€? Ver.) @NCT DREAM THE STAGE,2020-05-04T12:00:17Z,35427,7585,155,209,1,Performance Video,"Performance, Performance Video, Focus, Comeback, Dance, Stage",
[#JAEMIN Focus] NCT DREAM ????????? ?????? 'Ridin'' (Rollin?€? Ver.) @NCT DREAM THE STAGE,2020-05-04T12:00:17Z,59890,10904,248,208,1,Performance Video,"Performance, Performance Video, Focus, Comeback, Dance, Stage",
[#JAEMIN Focus] NCT DREAM ????????? ?????? 'Ridin'' (Ridin?€? Ver.) @NCT DREAM THE STAGE,2020-05-04T12:00:13Z,195091,27243,525,207,1,Performance Video,"Performance, Performance Video, Focus, Comeback, Dance, Stage",
[#CHENLE Focus] NCT DREAM ????????? ?????? 'Ridin'' (Rollin?€? Ver.) @NCT DREAM THE STAGE,2020-05-04T12:00:05Z,57299,14385,762,209,1,Performance Video,"Performance, Performance Video, Focus, Comeback, Dance, Stage",
[Multi Eye Contact Cam] NCT DREAM ????????? ?????? 'Ridin'' (Ridin?€? Ver.) @NCT DREAM THE STAGE,2020-05-04T11:00:13Z,315748,66614,2181,210,6,Performance Video,"Performance, Performance Video, Comeback, Facecam, Stage",
[Multi Eye Contact Cam] NCT DREAM ????????? ?????? 'Ridin'' (Rollin?€? Ver.) @NCT DREAM THE STAGE,2020-05-04T11:00:06Z,307792,71091,3295,210,6,Performance Video,"Performance, Performance Video, Comeback, Facecam, Stage",
NCT DREAM ????????? ?????? 'Ridin'' (Ridin?€? & Rollin?€? Ver.) @NCT DREAM THE STAGE,2020-05-03T11:00:09Z,592218,113702,2199,211,6,Performance Video,"Performance, Performance Video, Comeback, Dance",
NCT DREAM ????????? ?????? 'Ridin'' (Ridin?€? Ver.) @NCT DREAM THE STAGE,2020-04-30T11:00:33Z,2085594,322241,9681,223,6,Performance Video,"Performance, Performance Video, Comeback, Dance, Stage",
NCT DREAM ????????? ?????? 'Ridin'' (Rollin?€? Ver.) @NCT DREAM THE STAGE,2020-04-30T11:00:00Z,2036743,305098,8328,223,6,Performance Video,"Performance, Performance Video, Comeback, Dance, Stage",
NCT DREAM ????????? ?????? 'Quiet Down' Track Video #4,2020-04-25T09:00:35Z,4245079,506345,15799,73,6,Track Video,"Track Video, Comeback, Music Video",
NCT DREAM ????????? ?????? '????????€ ????????? (Love Again)' Track Video #3,2020-04-24T09:00:15Z,5863094,510576,12919,96,6,Track Video,"Track Video, Comeback, Music Video",
NCT DREAM ????????? ?????? '?????? ????????? (7 Days)' Track Video #2,2020-04-23T09:00:32Z,3559499,402801,11677,86,6,Track Video,"Track Video, Comeback, Music Video",
NCT DREAM ????????? ?????? '?????? ?????? (Puzzle Piece)' Track Video #1,2020-04-22T09:00:13Z,3287999,411746,17756,84,6,Track Video,"Track Video, Comeback, Music Video",
NCT DREAM ????????? ?????? 'Reload' Crew Video,2020-04-20T09:00:09Z,1801584,287262,15070,61,6,Teaser,"Teaser, Comeback",
"NCT DREAM TAKES JAPAN : NCT DREAM TOUR ""THE DREAM SHOW?€?",2020-02-19T07:00:02Z,179763,26462,532,68,6,BTS,"Tour, Concert, BTS",
"NCT DREAM TAKES BANGKOK : NCT DREAM TOUR ""THE DREAM SHOW?€?",2020-01-24T09:00:01Z,151282,25671,622,60,6,BTS,"Tour, Concert, BTS",
"NCT DREAM TOUR ""THE DREAM SHOW"" Recap Video",2019-12-30T11:00:00Z,175889,35017,1464,125,6,Recap,"Recap, Concert",
2020 SM ARTIST SEASON?€?S GREETINGS DVD Teaser - NCT DREAM,2019-11-08T10:00:04Z,131132,26156,381,24,6,BTS,"BTS, Promotion, Photoshoot",
NCT DREAM ????????? ?????? 'BOOM' Vertical Video,2019-08-10T03:00:04Z,4656360,453433,9853,205,6,Performance Video,"Comeback, Performance, Music Video",
WE LIKE THAT,2019-07-24T09:00:09Z,773364,139833,4691,20,6,Teaser,"Teaser, Comeback",
WE GOT THAT,2019-07-23T09:00:03Z,730641,142435,4630,18,6,Teaser,"Teaser, Comeback",
2019 NCT DREAM Back to School Kit ?€? ?????? ????????? ??????,2019-07-05T09:01:03Z,107606,19960,483,98,7,BTS,"BTS, Promotion, Photoshoot",
2019 NCT DREAM Back to School Kit ?€? ?????? ?????€??? ??????,2019-07-02T09:00:02Z,108844,25292,633,33,7,BTS,"BTS, Promotion, Photoshoot",
SM ??€??????????????€??? ?????? ?????€ ?????? ???? NCT DREAM,2019-06-07T08:00:08Z,417661,71808,1363,510,3,Jakun,"Jakun, Promotion",
2019 NCT DREAM SUMMER VACATION KIT DVD Teaser,2019-04-25T09:00:04Z,166632,32683,1064,23,7,Teaser,"Promotion, BTS",
NCT DREAM ?€??????€ ??? (Beautiful Time)?€? Behind of We Go Up,2018-10-09T12:00:00Z,522876,66550,1086,215,7,BTS,"BTS, Comeback",
[N'-61] Dream VS Dream | JENO VS JAEMIN,2018-09-22T12:00:06Z,151139,15628,299,266,2,Jakun,"Jakun, Comeback, DvsD",
[N'-60] Dream VS Dream | MARK VS HAECHAN,2018-09-20T12:00:01Z,179074,17459,370,297,2,Jakun,"Jakun, Comeback, DvsD",
NCT RECORDING DIARY #5,2018-09-18T11:25:04Z,579067,53149,925,354,7,Recording BTS,"Comeback, BTS, Recording",
[N'-59] Dream VS Dream | JAEMIN VS RENJUN,2018-09-16T08:00:03Z,223622,19195,386,249,2,Jakun,"Jakun, Comeback, DvsD",
[N'-58] Dream VS Dream | JISUNG VS CHENLE,2018-09-12T09:00:12Z,176909,16416,290,295,2,Jakun,"Jakun, Comeback, DvsD",
[N'-57] NCT DREAM ?€?We Go Up?€? BEHIND THE STAGE (???!????????????),2018-09-11T11:00:00Z,112794,11205,183,214,7,BTS,"Comeback, BTS, Stage, Performance",
NCT RECORDING DIARY #4,2018-09-07T11:25:06Z,955660,83436,943,401,7,Recording BTS,"Comeback, BTS, Recording",
NCT RECORDING DIARY #3,2018-08-16T11:25:04Z,296522,26500,614,215,7,Recording BTS,"Comeback, BTS, Recording",
[N'-48] GIVE ME A STRIKE!,2018-08-03T10:00:01Z,292667,31099,395,230,3,Jakun,"Jakun, BTS, Game, Bowling",
[N'-46] 00+00+00+00=LOVE #2,2018-07-20T10:00:03Z,480677,50004,616,239,4,Jakun,"Jakun, Vlog",
[N'-44] 00+00+00+00=LOVE,2018-07-06T12:00:14Z,720344,100260,1270,325,4,Jakun,"Jakun, Vlog",
[N'-21] JOY! JOY TO THE WORLD,2017-12-18T09:00:02Z,93007,10056,181,183,6,BTS,"Music Video, BTS",
[N'-16] ??? ?????? ?????? Black Suit!,2017-11-14T10:00:05Z,331423,29163,341,171,6,Reaction Video,"Reaction Video, Dance, BTS, Performance",
NCT DREAM_ SUPER JUNIOR 'Black Suit' DANCE COVER,2017-11-14T08:00:04Z,1246084,101732,1247,82,5,Dance,"Cover Dance, Dance, Performance",
NCT DREAM BOY VIDEO B-CUT #7,2017-11-03T09:00:00Z,58458,5275,79,107,6,BTS,"BTS, Teaser",
NCT DREAM BOY VIDEO B-CUT #6,2017-11-01T09:00:03Z,56401,7372,160,51,6,BTS,"BTS, Teaser",
NCT DREAM BOY VIDEO B-CUT #5,2017-10-30T09:00:00Z,38050,3946,61,80,6,BTS,"BTS, Teaser",
NCT DREAM BOY VIDEO B-CUT #4,2017-10-27T09:00:03Z,36529,4131,54,79,6,BTS,"BTS, Teaser",
NCT DREAM BOY VIDEO B-CUT #3,2017-10-25T09:00:05Z,37180,4040,63,53,6,BTS,"BTS, Teaser",
NCT DREAM BOY VIDEO B-CUT #2,2017-10-23T09:00:01Z,39417,4166,80,116,6,BTS,"BTS, Teaser",
NCT DREAM BOY VIDEO B-CUT #1,2017-10-20T09:00:01Z,40429,4017,42,66,6,BTS,"BTS, Teaser",
NCT DREAM BOY VIDEO B-CUT Teaser,2017-10-18T09:00:04Z,27834,3666,62,44,6,BTS,"BTS, Teaser",
NCT DREAM BOY VIDEO EP.12,2017-10-16T08:00:01Z,55256,5793,149,374,6,Jakun,Jakun,
NCT DREAM BOY VIDEO EP.11,2017-10-13T09:00:05Z,47672,5100,96,196,6,Jakun,Jakun,
NCT DREAM BOY VIDEO EP.10,2017-10-11T09:00:01Z,49419,5105,102,198,6,Jakun,Jakun,
NCT DREAM BOY VIDEO EP.09,2017-09-29T09:00:02Z,57706,5503,87,170,6,Jakun,Jakun,
NCT DREAM BOY VIDEO EP.08,2017-09-27T09:00:01Z,50685,5127,100,177,6,Jakun,Jakun,
NCT DREAM BOY VIDEO EP.07,2017-09-25T09:00:00Z,55530,5775,120,176,6,Jakun,Jakun,
NCT DREAM BOY #HAECHAN VIDEO,2017-09-22T09:00:01Z,44820,5905,174,287,1,Jakun,"Jakun, BTS",
NCT DREAM BOY #RENJUN VIDEO,2017-09-20T09:00:07Z,59589,8144,378,150,1,Jakun,"Jakun, BTS",
[N?€?-3] SO WHAT? WE HOT! WE YOUNG!,2017-09-18T10:00:01Z,100432,11921,155,68,6,BTS,"BTS, Stage",
NCT DREAM BOY #JENO VIDEO,2017-09-18T09:00:00Z,52488,6188,132,143,1,Jakun,"Jakun, BTS",
NCT DREAM BOY #MARK VIDEO,2017-09-15T09:00:01Z,49314,5690,130,169,1,Jakun,"Jakun, BTS",
NCT DREAM BOY #CHENLE VIDEO,2017-09-13T09:00:00Z,49085,6250,129,133,1,Jakun,"Jakun, BTS",
NCT DREAM BOY #JISUNG VIDEO,2017-09-11T09:00:02Z,75657,8852,145,150,1,Jakun,"Jakun, BTS",
NCT DREAM_ MY PAGE,2017-09-07T10:00:02Z,120297,16725,354,137,6,BTS,"BTS, Jakun",
NCT DREAM BOY VIDEO Teaser,2017-09-06T09:00:02Z,52168,8353,138,26,6,Teaser,"Teaser, Jakun",
[#4Ket] NCT DREAM_Trigger the fever #JISUNG,2017-08-30T10:00:05Z,62795,5680,77,208,1,Stage,"Stage, Performance",
[#4Ket] NCT DREAM_Trigger the fever #JENO,2017-08-30T10:00:04Z,24749,3197,66,208,1,Stage,"Stage, Performance",
[#4Ket] NCT DREAM_Trigger the fever #CHENLE,2017-08-30T10:00:03Z,18147,2952,114,208,1,Stage,"Stage, Performance",
[#4Ket] NCT DREAM_Trigger the fever #MARK,2017-08-30T10:00:02Z,19655,2669,43,208,1,Stage,"Stage, Performance",
[#4Ket] NCT DREAM_Trigger the fever #RENJUN,2017-08-30T10:00:02Z,28198,4090,207,208,1,Stage,"Stage, Performance",
[#4Ket] NCT DREAM_Trigger the fever #HAECHAN,2017-08-30T10:00:01Z,23338,3545,65,208,1,Stage,"Stage, Performance",
[#4Ket] NCT DREAM_We Young #JENO,2017-08-23T01:00:03Z,19072,3389,72,230,1,Stage,"Stage, Performance",
[#4Ket] NCT DREAM_We Young #HAECHAN,2017-08-23T01:00:03Z,19878,3416,72,230,1,Stage,"Stage, Performance",
[#4Ket] NCT DREAM_We Young #MARK,2017-08-23T01:00:01Z,20174,3499,60,230,1,Stage,"Stage, Performance",
[#4Ket] NCT DREAM_We Young,2017-08-23T01:00:01Z,53853,6056,111,230,6,Stage,"Stage, Performance",
[#4Ket] NCT DREAM_We Young #CHENLE,2017-08-23T01:00:01Z,24411,4459,144,230,1,Stage,"Stage, Performance",
[#4Ket] NCT DREAM_We Young #JISUNG,2017-08-23T01:00:00Z,48223,8097,166,230,1,Stage,"Stage, Performance",
[#4Ket] NCT DREAM_We Young #RENJUN,2017-08-23T01:00:00Z,34541,6005,249,230,1,Stage,"Stage, Performance",
